metric,value
precision,fp32
batch_size,1
input_shape,3x224x224
latency_ms_mean,1.80752
throughput_qps,553.24
gpu_mem_used_mb,140.0
engine_size_mb,107.94
engine_build_time_s,18.592
latency_measurement,CUDA-graph capture/replay (execute_async_v3 sequence captured once, replayed per iteration) plus BuilderFlag.DIRECT_IO; both verified bit-identical output vs. the uncaptured/non-DIRECT_IO path
top1_match_rate_vs_pytorch,1.0
mean_abs_diff_vs_pytorch,0.0009592815767973661
max_abs_diff_vs_pytorch,0.02787838503718376
accuracy_eval_batch,32
accuracy_eval_input,real images (calibration/images, 32 sampled, seed=0)
hardware,NVIDIA GeForce RTX 4050 Laptop GPU (compute capability 8.9, 6141 MiB total)
driver_version,580.173.02
cuda_version,13.0
tensorrt_version,10.14.1.48.post1
